ahpC	ahpC_C-57T	-57	-57	C	T	SNP
ahpC	ahpC_C-72T	-72	-72	C	T	SNP
ahpC	ahpC_G-48A	-48	-48	G	A	SNP
eis	eis_G-10A	-10	-10	G	A	SNP
embA	embA_C-12T	-12	-12	C	T	SNP
embA	embA_C-16G	-16	-16	C	G	SNP
embA	embA_C-16T	-16	-16	C	T	SNP
embB	embB_D328Y	328	328	D	Y	SNP
embB	embB_D354A	354	354	D	A	SNP
embB	embB_G406A	406	406	G	A	SNP
embB	embB_G406D	406	406	G	D	SNP
embB	embB_G406S	406	406	G	S	SNP
embB	embB_M306A	306	306	M	A	SNP
embB	embB_M306C	306	306	M	C	SNP
embB	embB_M306D	306	306	M	D	SNP
embB	embB_M306E	306	306	M	E	SNP
embB	embB_M306F	306	306	M	F	SNP
embB	embB_M306G	306	306	M	G	SNP
embB	embB_M306H	306	306	M	H	SNP
embB	embB_M306I	306	306	M	I	SNP
embB	embB_M306K	306	306	M	K	SNP
embB	embB_M306L	306	306	M	L	SNP
embB	embB_M306N	306	306	M	N	SNP
embB	embB_M306P	306	306	M	P	SNP
embB	embB_M306Q	306	306	M	Q	SNP
embB	embB_M306R	306	306	M	R	SNP
embB	embB_M306S	306	306	M	S	SNP
embB	embB_M306T	306	306	M	T	SNP
embB	embB_M306V	306	306	M	V	SNP
embB	embB_M306W	306	306	M	W	SNP
embB	embB_M306Y	306	306	M	Y	SNP
embB	embB_N1033K	1033	1033	N	K	SNP
embB	embB_Q497K	497	497	Q	K	SNP
embB	embB_Q497R	497	497	Q	R	SNP
fabG1	fabG1_A-16X	-16	-16	A	X	SNP
fabG1	fabG1_C-15X	-15	-15	C	X	SNP
fabG1	fabG1_G-17T	-17	-17	G	T	SNP
fabG1	fabG1_T-8X	-8	-8	T	X	SNP
gid	gid_A134E	134	134	A	E	SNP
gid	gid_A138T	138	138	A	T	SNP
gid	gid_A138V	138	138	A	V	SNP
gid	gid_A19P	19	19	A	P	SNP
gid	gid_A200E	200	200	A	E	SNP
gid	gid_A205E	205	205	A	E	SNP
gid	gid_A80P	80	80	A	P	SNP
gid	gid_C52F	52	52	C	F	SNP
gid	gid_D85A	85	85	D	A	SNP
gid	gid_G117V	117	117	G	V	SNP
gid	gid_G30D	30	30	G	D	SNP
gid	gid_G34V	34	34	G	V	SNP
gid	gid_G69D	69	69	G	D	SNP
gid	gid_G73A	73	73	G	A	SNP
gid	gid_H48Q	48	48	H	Q	SNP
gid	gid_I11N	11	11	I	N	SNP
gid	gid_I162S	162	162	I	S	SNP
gid	gid_L26F	26	26	L	F	SNP
gid	gid_L79S	79	79	L	S	SNP
gid	gid_L79W	79	79	L	W	SNP
gid	gid_L91P	91	91	L	P	SNP
gid	gid_P75L	75	75	P	L	SNP
gid	gid_P75R	75	75	P	R	SNP
gid	gid_P93L	93	93	P	L	SNP
gid	gid_Q125X	125	125	Q	X	SNP
gid	gid_R118L	118	118	R	L	SNP
gid	gid_R118S	118	118	R	S	SNP
gid	gid_R137P	137	137	R	P	SNP
gid	gid_R137W	137	137	R	W	SNP
gid	gid_R47W	47	47	R	W	SNP
gid	gid_R64W	64	64	R	W	SNP
gid	gid_R83P	83	83	R	P	SNP
gid	gid_S136X	136	136	S	X	SNP
gid	gid_S149R	149	149	S	R	SNP
gid	gid_V203L	203	203	V	L	SNP
gid	gid_V65G	65	65	V	G	SNP
gyrA	gyrA_A74S	74	74	A	S	SNP
gyrA	gyrA_A90V	90	90	A	V	SNP
gyrA	gyrA_D89G	89	89	D	G	SNP
gyrA	gyrA_D89N	89	89	D	N	SNP
gyrA	gyrA_D94A	94	94	D	A	SNP
gyrA	gyrA_D94C	94	94	D	C	SNP
gyrA	gyrA_D94G	94	94	D	G	SNP
gyrA	gyrA_D94H	94	94	D	H	SNP
gyrA	gyrA_D94N	94	94	D	N	SNP
gyrA	gyrA_D94Y	94	94	D	Y	SNP
gyrA	gyrA_G88A	88	88	G	A	SNP
gyrA	gyrA_G88C	88	88	G	C	SNP
gyrA	gyrA_G88N	88	88	G	N	SNP
gyrA	gyrA_S91P	91	91	S	P	SNP
inhA	inhA_I194T	194	194	I	T	SNP
inhA	inhA_I21T	21	21	I	T	SNP
inhA	inhA_S94A	94	94	S	A	SNP
katG	katG_A109V	109	109	A	V	SNP
katG	katG_A614E	614	614	A	E	SNP
katG	katG_D142G	142	142	D	G	SNP
katG	katG_G125D	125	125	G	D	SNP
katG	katG_G182R	182	182	G	R	SNP
katG	katG_G297V	297	297	G	V	SNP
katG	katG_L141F	141	141	L	F	SNP
katG	katG_L159P	159	159	L	P	SNP
katG	katG_L704S	704	704	L	S	SNP
katG	katG_P232R	232	232	P	R	SNP
katG	katG_R104Q	104	104	R	Q	SNP
katG	katG_S315X	315	315	S	X	SNP
katG	katG_S481L	481	481	S	L	SNP
katG	katG_S700P	700	700	S	P	SNP
katG	katG_T180K	180	180	T	K	SNP
katG	katG_V633A	633	633	V	A	SNP
katG	katG_W191G	191	191	W	G	SNP
katG	katG_W191R	191	191	W	R	SNP
katG	katG_W300C	300	300	W	C	SNP
katG	katG_W328L	328	328	W	L	SNP
katG	katG_W90R	90	90	W	R	SNP
pncA	pncA_A-11G	-11	-11	A	G	SNP
pncA	pncA_A134P	134	134	A	P	SNP
pncA	pncA_A134V	134	134	A	V	SNP
pncA	pncA_A143D	143	143	A	D	SNP
pncA	pncA_A146E	146	146	A	E	SNP
pncA	pncA_A146S	146	146	A	S	SNP
pncA	pncA_A146V	146	146	A	V	SNP
pncA	pncA_A152V	152	152	A	V	SNP
pncA	pncA_A161P	161	161	A	P	SNP
pncA	pncA_A165D	165	165	A	D	SNP
pncA	pncA_A170S	170	170	A	S	SNP
pncA	pncA_A170V	170	170	A	V	SNP
pncA	pncA_A171T	171	171	A	T	SNP
pncA	pncA_A26V	26	26	A	V	SNP
pncA	pncA_A28S	28	28	A	S	SNP
pncA	pncA_A30P	30	30	A	P	SNP
pncA	pncA_A30S	30	30	A	S	SNP
pncA	pncA_A30V	30	30	A	V	SNP
pncA	pncA_A36D	36	36	A	D	SNP
pncA	pncA_A36S	36	36	A	S	SNP
pncA	pncA_A38G	38	38	A	G	SNP
pncA	pncA_A38S	38	38	A	S	SNP
pncA	pncA_A3E	3	3	A	E	SNP
pncA	pncA_A46E	46	46	A	E	SNP
pncA	pncA_A46P	46	46	A	P	SNP
pncA	pncA_A46V	46	46	A	V	SNP
pncA	pncA_A79P	79	79	A	P	SNP
pncA	pncA_A89V	89	89	A	V	SNP
pncA	pncA_A92E	92	92	A	E	SNP
pncA	pncA_C138F	138	138	C	F	SNP
pncA	pncA_C138G	138	138	C	G	SNP
pncA	pncA_C138R	138	138	C	R	SNP
pncA	pncA_C138S	138	138	C	S	SNP
pncA	pncA_C138Y	138	138	C	Y	SNP
pncA	pncA_C14R	14	14	C	R	SNP
pncA	pncA_C14Y	14	14	C	Y	SNP
pncA	pncA_C184R	184	184	C	R	SNP
pncA	pncA_C72F	72	72	C	F	SNP
pncA	pncA_C72R	72	72	C	R	SNP
pncA	pncA_C72W	72	72	C	W	SNP
pncA	pncA_C72Y	72	72	C	Y	SNP
pncA	pncA_D110E	110	110	D	E	SNP
pncA	pncA_D110H	110	110	D	H	SNP
pncA	pncA_D110N	110	110	D	N	SNP
pncA	pncA_D129E	129	129	D	E	SNP
pncA	pncA_D12A	12	12	D	A	SNP
pncA	pncA_D12E	12	12	D	E	SNP
pncA	pncA_D12G	12	12	D	G	SNP
pncA	pncA_D12H	12	12	D	H	SNP
pncA	pncA_D12N	12	12	D	N	SNP
pncA	pncA_D12Y	12	12	D	Y	SNP
pncA	pncA_D136H	136	136	D	H	SNP
pncA	pncA_D136V	136	136	D	V	SNP
pncA	pncA_D136Y	136	136	D	Y	SNP
pncA	pncA_D145E	145	145	D	E	SNP
pncA	pncA_D158G	158	158	D	G	SNP
pncA	pncA_D166V	166	166	D	V	SNP
pncA	pncA_D49E	49	49	D	E	SNP
pncA	pncA_D49G	49	49	D	G	SNP
pncA	pncA_D49H	49	49	D	H	SNP
pncA	pncA_D49N	49	49	D	N	SNP
pncA	pncA_D49V	49	49	D	V	SNP
pncA	pncA_D49Y	49	49	D	Y	SNP
pncA	pncA_D63E	63	63	D	E	SNP
pncA	pncA_D63H	63	63	D	H	SNP
pncA	pncA_D63Y	63	63	D	Y	SNP
pncA	pncA_D80H	80	80	D	H	SNP
pncA	pncA_D86V	86	86	D	V	SNP
pncA	pncA_D8A	8	8	D	A	SNP
pncA	pncA_D8E	8	8	D	E	SNP
pncA	pncA_D8G	8	8	D	G	SNP
pncA	pncA_D8H	8	8	D	H	SNP
pncA	pncA_D8N	8	8	D	N	SNP
pncA	pncA_D8V	8	8	D	V	SNP
pncA	pncA_D8Y	8	8	D	Y	SNP
pncA	pncA_E127D	127	127	E	D	SNP
pncA	pncA_E173G	173	173	E	G	SNP
pncA	pncA_E174G	174	174	E	G	SNP
pncA	pncA_E174K	174	174	E	K	SNP
pncA	pncA_E181K	181	181	E	K	SNP
pncA	pncA_F106S	106	106	F	S	SNP
pncA	pncA_F106Y	106	106	F	Y	SNP
pncA	pncA_F13I	13	13	F	I	SNP
pncA	pncA_F13Y	13	13	F	Y	SNP
pncA	pncA_F58I	58	58	F	I	SNP
pncA	pncA_F58L	58	58	F	L	SNP
pncA	pncA_F58S	58	58	F	S	SNP
pncA	pncA_F94C	94	94	F	C	SNP
pncA	pncA_F94L	94	94	F	L	SNP
pncA	pncA_F94S	94	94	F	S	SNP
pncA	pncA_G101E	101	101	G	E	SNP
pncA	pncA_G105D	105	105	G	D	SNP
pncA	pncA_G105R	105	105	G	R	SNP
pncA	pncA_G105V	105	105	G	V	SNP
pncA	pncA_G108E	108	108	G	E	SNP
pncA	pncA_G108R	108	108	G	R	SNP
pncA	pncA_G132A	132	132	G	A	SNP
pncA	pncA_G132C	132	132	G	C	SNP
pncA	pncA_G132D	132	132	G	D	SNP
pncA	pncA_G132R	132	132	G	R	SNP
pncA	pncA_G132S	132	132	G	S	SNP
pncA	pncA_G132V	132	132	G	V	SNP
pncA	pncA_G162A	162	162	G	A	SNP
pncA	pncA_G162D	162	162	G	D	SNP
pncA	pncA_G162V	162	162	G	V	SNP
pncA	pncA_G16R	16	16	G	R	SNP
pncA	pncA_G16V	16	16	G	V	SNP
pncA	pncA_G17C	17	17	G	C	SNP
pncA	pncA_G23V	23	23	G	V	SNP
pncA	pncA_G24D	24	24	G	D	SNP
pncA	pncA_G24V	24	24	G	V	SNP
pncA	pncA_G55C	55	55	G	C	SNP
pncA	pncA_G75V	75	75	G	V	SNP
pncA	pncA_G78D	78	78	G	D	SNP
pncA	pncA_G78V	78	78	G	V	SNP
pncA	pncA_G97C	97	97	G	C	SNP
pncA	pncA_G97D	97	97	G	D	SNP
pncA	pncA_G97R	97	97	G	R	SNP
pncA	pncA_G97S	97	97	G	S	SNP
pncA	pncA_H137D	137	137	H	D	SNP
pncA	pncA_H137P	137	137	H	P	SNP
pncA	pncA_H137R	137	137	H	R	SNP
pncA	pncA_H42N	42	42	H	N	SNP
pncA	pncA_H42Q	42	42	H	Q	SNP
pncA	pncA_H43P	43	43	H	P	SNP
pncA	pncA_H43Q	43	43	H	Q	SNP
pncA	pncA_H51D	51	51	H	D	SNP
pncA	pncA_H51L	51	51	H	L	SNP
pncA	pncA_H51N	51	51	H	N	SNP
pncA	pncA_H51Q	51	51	H	Q	SNP
pncA	pncA_H51R	51	51	H	R	SNP
pncA	pncA_H51Y	51	51	H	Y	SNP
pncA	pncA_H57D	57	57	H	D	SNP
pncA	pncA_H57L	57	57	H	L	SNP
pncA	pncA_H57N	57	57	H	N	SNP
pncA	pncA_H57P	57	57	H	P	SNP
pncA	pncA_H57Q	57	57	H	Q	SNP
pncA	pncA_H57R	57	57	H	R	SNP
pncA	pncA_H57Y	57	57	H	Y	SNP
pncA	pncA_H71D	71	71	H	D	SNP
pncA	pncA_H71L	71	71	H	L	SNP
pncA	pncA_H71N	71	71	H	N	SNP
pncA	pncA_H71Q	71	71	H	Q	SNP
pncA	pncA_H71R	71	71	H	R	SNP
pncA	pncA_H71Y	71	71	H	Y	SNP
pncA	pncA_H82L	82	82	H	L	SNP
pncA	pncA_H82R	82	82	H	R	SNP
pncA	pncA_I133F	133	133	I	F	SNP
pncA	pncA_I133N	133	133	I	N	SNP
pncA	pncA_I133T	133	133	I	T	SNP
pncA	pncA_I31F	31	31	I	F	SNP
pncA	pncA_I31N	31	31	I	N	SNP
pncA	pncA_I52T	52	52	I	T	SNP
pncA	pncA_I5F	5	5	I	F	SNP
pncA	pncA_I5M	5	5	I	M	SNP
pncA	pncA_I5N	5	5	I	N	SNP
pncA	pncA_I6F	6	6	I	F	SNP
pncA	pncA_I6M	6	6	I	M	SNP
pncA	pncA_I6T	6	6	I	T	SNP
pncA	pncA_K48E	48	48	K	E	SNP
pncA	pncA_K48T	48	48	K	T	SNP
pncA	pncA_K96E	96	96	K	E	SNP
pncA	pncA_K96M	96	96	K	M	SNP
pncA	pncA_K96N	96	96	K	N	SNP
pncA	pncA_K96R	96	96	K	R	SNP
pncA	pncA_K96T	96	96	K	T	SNP
pncA	pncA_L116P	116	116	L	P	SNP
pncA	pncA_L116Q	116	116	L	Q	SNP
pncA	pncA_L116R	116	116	L	R	SNP
pncA	pncA_L117Q	117	117	L	Q	SNP
pncA	pncA_L120P	120	120	L	P	SNP
pncA	pncA_L120Q	120	120	L	Q	SNP
pncA	pncA_L151S	151	151	L	S	SNP
pncA	pncA_L156P	156	156	L	P	SNP
pncA	pncA_L156R	156	156	L	R	SNP
pncA	pncA_L159P	159	159	L	P	SNP
pncA	pncA_L159Q	159	159	L	Q	SNP
pncA	pncA_L159V	159	159	L	V	SNP
pncA	pncA_L172P	172	172	L	P	SNP
pncA	pncA_L19P	19	19	L	P	SNP
pncA	pncA_L19Q	19	19	L	Q	SNP
pncA	pncA_L27P	27	27	L	P	SNP
pncA	pncA_L27Q	27	27	L	Q	SNP
pncA	pncA_L35P	35	35	L	P	SNP
pncA	pncA_L4F	4	4	L	F	SNP
pncA	pncA_L4S	4	4	L	S	SNP
pncA	pncA_L4V	4	4	L	V	SNP
pncA	pncA_L4W	4	4	L	W	SNP
pncA	pncA_L85P	85	85	L	P	SNP
pncA	pncA_L85Q	85	85	L	Q	SNP
pncA	pncA_L85R	85	85	L	R	SNP
pncA	pncA_M175K	175	175	M	K	SNP
pncA	pncA_M175T	175	175	M	T	SNP
pncA	pncA_M175V	175	175	M	V	SNP
pncA	pncA_M1L	1	1	M	L	SNP
pncA	pncA_N112S	112	112	N	S	SNP
pncA	pncA_N118Y	118	118	N	Y	SNP
pncA	pncA_N11T	11	11	N	T	SNP
pncA	pncA_N149I	149	149	N	I	SNP
pncA	pncA_N149Y	149	149	N	Y	SNP
pncA	pncA_P115A	115	115	P	A	SNP
pncA	pncA_P115R	115	115	P	R	SNP
pncA	pncA_P54L	54	54	P	L	SNP
pncA	pncA_P54Q	54	54	P	Q	SNP
pncA	pncA_P54R	54	54	P	R	SNP
pncA	pncA_P54T	54	54	P	T	SNP
pncA	pncA_P62A	62	62	P	A	SNP
pncA	pncA_P62L	62	62	P	L	SNP
pncA	pncA_P62Q	62	62	P	Q	SNP
pncA	pncA_P62R	62	62	P	R	SNP
pncA	pncA_P62S	62	62	P	S	SNP
pncA	pncA_P69L	69	69	P	L	SNP
pncA	pncA_P69Q	69	69	P	Q	SNP
pncA	pncA_P70A	70	70	P	A	SNP
pncA	pncA_P70S	70	70	P	S	SNP
pncA	pncA_P77S	77	77	P	S	SNP
pncA	pncA_Q10E	10	10	Q	E	SNP
pncA	pncA_Q10H	10	10	Q	H	SNP
pncA	pncA_Q10L	10	10	Q	L	SNP
pncA	pncA_Q10P	10	10	Q	P	SNP
pncA	pncA_Q10R	10	10	Q	R	SNP
pncA	pncA_Q122K	122	122	Q	K	SNP
pncA	pncA_Q141P	141	141	Q	P	SNP
pncA	pncA_R123P	123	123	R	P	SNP
pncA	pncA_R123S	123	123	R	S	SNP
pncA	pncA_R140P	140	140	R	P	SNP
pncA	pncA_R154M	154	154	R	M	SNP
pncA	pncA_R176P	176	176	R	P	SNP
pncA	pncA_R29C	29	29	R	C	SNP
pncA	pncA_S104C	104	104	S	C	SNP
pncA	pncA_S104G	104	104	S	G	SNP
pncA	pncA_S104R	104	104	S	R	SNP
pncA	pncA_S164P	164	164	S	P	SNP
pncA	pncA_S164T	164	164	S	T	SNP
pncA	pncA_S179N	179	179	S	N	SNP
pncA	pncA_S186F	186	186	S	F	SNP
pncA	pncA_S18L	18	18	S	L	SNP
pncA	pncA_S18T	18	18	S	T	SNP
pncA	pncA_S32I	32	32	S	I	SNP
pncA	pncA_S32N	32	32	S	N	SNP
pncA	pncA_S59F	59	59	S	F	SNP
pncA	pncA_S59P	59	59	S	P	SNP
pncA	pncA_S65F	65	65	S	F	SNP
pncA	pncA_S66P	66	66	S	P	SNP
pncA	pncA_S67P	67	67	S	P	SNP
pncA	pncA_S88T	88	88	S	T	SNP
pncA	pncA_T-12C	-12	-12	T	C	SNP
pncA	pncA_T-7C	-7	-7	T	C	SNP
pncA	pncA_T114A	114	114	T	A	SNP
pncA	pncA_T114P	114	114	T	P	SNP
pncA	pncA_T135N	135	135	T	N	SNP
pncA	pncA_T135P	135	135	T	P	SNP
pncA	pncA_T142A	142	142	T	A	SNP
pncA	pncA_T142K	142	142	T	K	SNP
pncA	pncA_T142M	142	142	T	M	SNP
pncA	pncA_T142R	142	142	T	R	SNP
pncA	pncA_T153N	153	153	T	N	SNP
pncA	pncA_T160K	160	160	T	K	SNP
pncA	pncA_T160P	160	160	T	P	SNP
pncA	pncA_T160R	160	160	T	R	SNP
pncA	pncA_T168P	168	168	T	P	SNP
pncA	pncA_T22I	22	22	T	I	SNP
pncA	pncA_T47A	47	47	T	A	SNP
pncA	pncA_T47S	47	47	T	S	SNP
pncA	pncA_T76I	76	76	T	I	SNP
pncA	pncA_T76P	76	76	T	P	SNP
pncA	pncA_T76S	76	76	T	S	SNP
pncA	pncA_V109L	109	109	V	L	SNP
pncA	pncA_V125A	125	125	V	A	SNP
pncA	pncA_V125G	125	125	V	G	SNP
pncA	pncA_V128A	128	128	V	A	SNP
pncA	pncA_V128D	128	128	V	D	SNP
pncA	pncA_V128G	128	128	V	G	SNP
pncA	pncA_V130E	130	130	V	E	SNP
pncA	pncA_V131D	131	131	V	D	SNP
pncA	pncA_V131F	131	131	V	F	SNP
pncA	pncA_V131I	131	131	V	I	SNP
pncA	pncA_V139A	139	139	V	A	SNP
pncA	pncA_V139E	139	139	V	E	SNP
pncA	pncA_V139G	139	139	V	G	SNP
pncA	pncA_V139L	139	139	V	L	SNP
pncA	pncA_V139M	139	139	V	M	SNP
pncA	pncA_V147A	147	147	V	A	SNP
pncA	pncA_V155E	155	155	V	E	SNP
pncA	pncA_V155G	155	155	V	G	SNP
pncA	pncA_V155M	155	155	V	M	SNP
pncA	pncA_V163E	163	163	V	E	SNP
pncA	pncA_V180D	180	180	V	D	SNP
pncA	pncA_V180F	180	180	V	F	SNP
pncA	pncA_V180G	180	180	V	G	SNP
pncA	pncA_V183D	183	183	V	D	SNP
pncA	pncA_V21E	21	21	V	E	SNP
pncA	pncA_V21G	21	21	V	G	SNP
pncA	pncA_V44D	44	44	V	D	SNP
pncA	pncA_V7D	7	7	V	D	SNP
pncA	pncA_V7F	7	7	V	F	SNP
pncA	pncA_V7G	7	7	V	G	SNP
pncA	pncA_V7L	7	7	V	L	SNP
pncA	pncA_V93E	93	93	V	E	SNP
pncA	pncA_V93L	93	93	V	L	SNP
pncA	pncA_W119G	119	119	W	G	SNP
pncA	pncA_W119L	119	119	W	L	SNP
pncA	pncA_W119R	119	119	W	R	SNP
pncA	pncA_W68C	68	68	W	C	SNP
pncA	pncA_W68G	68	68	W	G	SNP
pncA	pncA_W68L	68	68	W	L	SNP
pncA	pncA_W68R	68	68	W	R	SNP
pncA	pncA_Y103H	103	103	Y	H	SNP
pncA	pncA_Y34D	34	34	Y	D	SNP
pncA	pncA_Y41H	41	41	Y	H	SNP
rpoB	rpoB_A451X	451	532	A	X	SNP
rpoB	rpoB_D435X	435	516	D	X	SNP
rpoB	rpoB_D545E	545	626	D	E	SNP
rpoB	rpoB_F425X	425	506	F	X	SNP
rpoB	rpoB_F433X	433	514	F	X	SNP
rpoB	rpoB_G426X	426	507	G	X	SNP
rpoB	rpoB_G442X	442	523	G	X	SNP
rpoB	rpoB_G981D	981	1062	G	D	SNP
rpoB	rpoB_H445X	445	526	H	X	SNP
rpoB	rpoB_I491F	491	572	I	F	SNP
rpoB	rpoB_K446X	446	527	K	X	SNP
rpoB	rpoB_L430X	430	511	L	X	SNP
rpoB	rpoB_L440X	440	521	L	X	SNP
rpoB	rpoB_L443X	443	524	L	X	SNP
rpoB	rpoB_L452X	452	533	L	X	SNP
rpoB	rpoB_M434X	434	515	M	X	SNP
rpoB	rpoB_N437X	437	518	N	X	SNP
rpoB	rpoB_N438X	438	519	N	X	SNP
rpoB	rpoB_P439X	439	520	P	X	SNP
rpoB	rpoB_Q429X	429	510	Q	X	SNP
rpoB	rpoB_Q432X	432	513	Q	X	SNP
rpoB	rpoB_Q436X	436	517	Q	X	SNP
rpoB	rpoB_R447X	447	528	R	X	SNP
rpoB	rpoB_R448X	448	529	R	X	SNP
rpoB	rpoB_S428X	428	509	S	X	SNP
rpoB	rpoB_S431X	431	512	S	X	SNP
rpoB	rpoB_S441X	441	522	S	X	SNP
rpoB	rpoB_S450X	450	531	S	X	SNP
rpoB	rpoB_T427X	427	508	T	X	SNP
rpoB	rpoB_T444X	444	525	T	X	SNP
rpoB	rpoB_T676P	676	757	T	P	SNP
rpoB	rpoB_V170F	170	251	V	F	SNP
rpoB	rpoB_V359A	359	440	V	A	SNP
rpsL	rpsL_K43R	43	43	K	R	SNP
rpsL	rpsL_K88R	88	88	K	R	SNP
rrs	rrs_A1325C	1325	1325	A	C	SNP
rrs	rrs_A1401X	1401	1401	A	X	SNP
rrs	rrs_A514X	514	514	A	X	SNP
rrs	rrs_C1402X	1402	1402	C	X	SNP
rrs	rrs_C513X	513	513	C	X	SNP
rrs	rrs_C516X	516	516	C	X	SNP
rrs	rrs_C517X	517	517	C	X	SNP
rrs	rrs_C905A	905	905	C	A	SNP
rrs	rrs_G1484X	1484	1484	G	X	SNP
rrs	rrs_G515X	515	515	G	X	SNP
