Gene	OriginalAnnotation	PositionMTB	WildTypeAminoAcidOrNucleotide	MutatedAminoAcidOrNucleotide	MutationType
rpoB	D516A	516	D	A	SNP
rpoB	D516F	516	D	F	SNP
rpoB	D516G	516	D	G	SNP
rpoB	D516V	516	D	V	SNP
rpoB	F514dupl	514	F	dupl	INDEL
rpoB	H526C	526	H	C	SNP
rpoB	H526D	526	H	D	SNP
rpoB	H526G	526	H	G	SNP
rpoB	H526L	526	H	L	SNP
rpoB	H526R	526	H	R	SNP
rpoB	H526Y	526	H	Y	SNP
rpoB	Q513K	513	Q	K	SNP
rpoB	Q513L	513	Q	L	SNP
rpoB	Q513P	513	Q	P	SNP
rpoB	S522Q	522	S	Q	SNP
rpoB	S531F	531	S	F	SNP
rpoB	S531L	531	S	L	SNP
rpoB	S531W	531	S	W	SNP
katG	S315N	315	S	N	SNP
katG	S315T	315	S	T	SNP
gyrA	A90V	90	A	V	SNP
gyrA	D94A	94	D	A	SNP
gyrA	D94G	94	D	G	SNP
gyrA	D94N	94	D	N	SNP
gyrA	D94Y	94	D	Y	SNP
gyrA	S91P	91	S	P	SNP
gyrA	A90V	90	A	V	SNP
gyrA	D94A	94	D	A	SNP
gyrA	D94G	94	D	G	SNP
gyrA	D94H	94	D	H	SNP
gyrA	D94N	94	D	N	SNP
gyrA	D94Y	94	D	Y	SNP
gyrA	G88A	88	G	A	SNP
gyrA	G88C	88	G	C	SNP
gyrA	S91P	91	S	P	SNP
gyrB	A504V	504	A	V	SNP
rrs	a1401g	1401	a	g	SNP
rrs	g1484t	1484	g	t	SNP
eis	c-14t	-14	c	t	SNP
eis	g-10a	-10	g	a	SNP
rrs	a1401g	1401	a	g	SNP
rrs	c1402t	1402	c	t	SNP
rrs	a1401g	1401	a	g	SNP
rrs	c1402t	1402	c	t	SNP
rrs	g1484t	1484	g	t	SNP
tlyA	D174ins	174	D	ins	INDEL
tlyA	E75Stop	75	E	Stop	STOP
tlyA	H68ins	68	H	ins	INDEL
tlyA	L218ins	218	L	ins	INDEL
tlyA	N236K	236	N	K	SNP
tlyA	Q215Stop	215	Q	Stop	STOP
tlyA	Q23del	23	Q	del	INDEL
tlyA	R18Stop	18	R	Stop	STOP
tlyA	S262ins	262	S	ins	INDEL
rpsL	K43R	43	K	R	SNP
rpsL	K88Q	88	K	Q	SNP
rpsL	K88R	88	K	R	SNP
rrs	a514c	514	a	c	SNP
rrs	c517t	517	c	t	SNP
pncA	a-11g	-11	A	g	SNP
pncA	A3E	3	A	E	SNP
pncA	A46V	46	A	V	SNP
pncA	C14R	14	C	R	SNP
pncA	C14Stop	14	C	Stop	STOP
pncA	C72R	72	C	R	SNP
pncA	C72Stop	72	C	Stop	STOP
pncA	D12A	12	D	A	SNP
pncA	D12N	12	D	N	SNP
pncA	D49G	49	D	G	SNP
pncA	D63G	63	D	G	SNP
pncA	D8G	8	D	G	SNP
pncA	E111Stop	111	E	Stop	STOP
pncA	E127Stop	127	E	Stop	STOP
pncA	E37Stop	37	E	Stop	STOP
pncA	E91Stop	91	E	Stop	STOP
pncA	F94L	94	F	L	SNP
pncA	F94S	94	F	S	SNP
pncA	G108R	108	G	R	SNP
pncA	G108Stop	108	G	Stop	STOP
pncA	G122Stop	122	G	Stop	STOP
pncA	G97D	97	G	D	SNP
pncA	G97S	97	G	S	SNP
pncA	H51Q	51	H	Q	SNP
pncA	H57D	57	H	D	SNP
pncA	H57R	57	H	R	SNP
pncA	H57Y	57	H	Y	SNP
pncA	H71D	71	H	D	SNP
pncA	H71Y	71	H	Y	SNP
pncA	H82R	82	H	R	SNP
pncA	I6T	6	I	T	SNP
pncA	indel - >200nt del	200	indel - >	nt del	INDEL_UNKNOWN
pncA	indel - 117ins	117	indel - 	ins	INDEL_UNKNOWN
pncA	indel - 15ins	15	indel - 	ins	INDEL_UNKNOWN
pncA	indel - 16ins	16	indel - 	ins	INDEL_UNKNOWN
pncA	indel - 17ins	17	indel - 	ins	INDEL_UNKNOWN
pncA	indel - 2.5kb deletion	25	indel - 	kb deletion	INDEL_UNKNOWN
pncA	indel - 24 bp del after 88	2488	indel - 		INDEL_UNKNOWN
pncA	indel - 29del	29	indel - 	del	INDEL_UNKNOWN
pncA	indel - 29ins	29	indel - 	ins	INDEL_UNKNOWN
pncA	indel - 34ins	34	indel - 	ins	INDEL_UNKNOWN
pncA	indel - 36del	36	indel - 	del	INDEL_UNKNOWN
pncA	indel - 36ins	36	indel - 	ins	INDEL_UNKNOWN
pncA	Indel - 5.3 kb del at 106	106	Indel - 		INDEL
pncA	indel - 50del	50	indel - 	del	INDEL_UNKNOWN
pncA	indel - 8 bp del at 382	382	indel - 		INDEL
pncA	indel - 8 bp del at start	0	indel - 	 bp del at start	INDEL
pncA	indel - 80bp del (-11/69)	-11	indel - 	)	INDEL
pncA	Indel - A102ins	102	Indel - A	ins	INDEL
pncA	indel - A140S+frameshift	140	indel - A	S+frameshift	INDEL
pncA	indel - A152del	152	indel - A	del	INDEL
pncA	indel - A152ins	152	indel - A	ins	INDEL
pncA	indel - A165ins	165	indel - A	ins	INDEL
pncA	Indel - A171del	171	Indel - A	del	INDEL
pncA	indel - A178del+S179del (inframe)	178	indel - A	del (inframe)	INDEL
pncA	Indel - A20del	20	Indel - A	del	INDEL
pncA	indel - A25del	25	indel - A	del	INDEL
pncA	indel - A26ins	26	indel - A	ins	INDEL
pncA	indel - A46del	46	indel - A	del	INDEL
pncA	indel - A90ins	90	indel - A	ins	INDEL
pncA	indel - C14del	14	indel - C	del	INDEL
pncA	indel - C14-E15del	1415	indel - C	del	INDEL
pncA	Indel - C72ins	72	Indel - C	ins	INDEL
pncA	indel - D110del	110	indel - D	del	INDEL
pncA	indel - D110ins	110	indel - D	ins	INDEL
pncA	indel - D126del	126	indel - D	del	INDEL
pncA	indel - D126ins	126	indel - D	ins	INDEL
pncA	indel - D12ins	12	indel - D	ins	INDEL
pncA	indel - D136ins	136	indel - D	ins	INDEL
pncA	indel - D145ins	145	indel - D	ins	INDEL
pncA	indel - D158ins	158	indel - D	ins	INDEL
pncA	indel - D166ins	166	indel - D	ins	INDEL
pncA	indel - D33del	33	indel - D	del	INDEL
pncA	indel - D49del	49	indel - D	del	INDEL
pncA	indel - D53del	53	indel - D	del	INDEL
pncA	indel - D56ins	56	indel - D	ins	INDEL
pncA	indel - D63ins	63	indel - D	ins	INDEL
pncA	indel - D86del	86	indel - D	del	INDEL
pncA	indel - D86ins	86	indel - D	ins	INDEL
pncA	indel - deletion		indel - deletion	indel - deletion	INDEL_UNKNOWN
pncA	indel - E111del	111	indel - E	del	INDEL
pncA	indel - E173del	173	indel - E	del	INDEL
pncA	indel - E174ins	174	indel - E	ins	INDEL
pncA	indel - E91del	91	indel - E	del	INDEL
pncA	indel - entire gene deletion		indel - entire gene deletion	indel - entire gene deletion	INDEL_UNKNOWN
pncA	indel - F106del	106	indel - F	del	INDEL
pncA	indel - F13ins	13	indel - F	ins	INDEL
pncA	indel - F58del	58	indel - F	del	INDEL
pncA	indel - F94del	94	indel - F	del	INDEL
pncA	indel - F94ins	94	indel - F	ins	INDEL
pncA	indel - Frameshift		indel - Frameshift	indel - Frameshift	INDEL_UNKNOWN
pncA	indel - frameshift IS6110 (ins)		indel - frameshift IS	 (ins)	INDEL_UNKNOWN
pncA	Indel - G101del	101	Indel - G	del	INDEL
pncA	Indel - G101ins	101	Indel - G	ins	INDEL
pncA	indel - G105ins	105	indel - G	ins	INDEL
pncA	indel - G113ins	113	indel - G	ins	INDEL
pncA	indel - G132del	132	indel - G	del	INDEL
pncA	indel - G132ins	132	indel - G	ins	INDEL
pncA	indel - G150ins	150	indel - G	ins	INDEL
pncA	indel - G162ins	162	indel - G	ins	INDEL
pncA	indel - G23ins	23	indel - G	ins	INDEL
pncA	indel - G24del	24	indel - G	del	INDEL
pncA	Indel - G55del	55	Indel - G	del	INDEL
pncA	indel - g-71 del+R148ins+T167ins	71148167	indel - g-	ins	INDEL_UNKNOWN
pncA	indel - g-71del	71	indel - g-	del	INDEL
pncA	indel - G74ins	74	indel - G	ins	INDEL
pncA	indel - G78ins	78	indel - G	ins	INDEL
pncA	indel - G97del	97	indel - G	del	INDEL
pncA	indel - G97ins	97	indel - G	ins	INDEL
pncA	indel - H137ins	137	indel - H	ins	INDEL
pncA	indel - H43del	43	indel - H	del	INDEL
pncA	indel - H71del	71	indel - H	del	INDEL
pncA	indel - I133del	133	indel - I	del	INDEL
pncA	indel - I133ins	133	indel - I	ins	INDEL
pncA	indel - I5ins	5	indel - I	ins	INDEL
pncA	indel - K48del	48	indel - K	del	INDEL
pncA	indel - K96del	96	indel - K	del	INDEL
pncA	indel - K96ins	96	indel - K	ins	INDEL
pncA	indel - L151del	151	indel - L	del	INDEL
pncA	Indel - L159del	159	Indel - L	del	INDEL
pncA	indel - L172del	172	indel - L	del	INDEL
pncA	indel - L172ins	172	indel - L	ins	INDEL
pncA	Indel - L35del	35	Indel - L	del	INDEL
pncA	indel - L4del	4	indel - L	del	INDEL
pncA	indel - M194del	194	indel - M	del	INDEL
pncA	indel - N149del	149	indel - N	del	INDEL
pncA	indel - N149ins	149	indel - N	ins	INDEL
pncA	indel - P54ins	54	indel - P	ins	INDEL
pncA	indel - P62del	62	indel - P	del	INDEL
pncA	indel - P62ins	62	indel - P	ins	INDEL
pncA	indel - P77ins	77	indel - P	ins	INDEL
pncA	indel - pncA gene complex deletion		indel - pncA gene complex deletion	indel - pncA gene complex deletion	INDEL_UNKNOWN
pncA	Indel - Q10del	10	Indel - Q	del	INDEL
pncA	indel - Q122del	122	indel - Q	del	INDEL
pncA	indel - Q122ins	122	indel - Q	ins	INDEL
pncA	indel - Q141del	141	indel - Q	del	INDEL
pncA	indel - Q141ins	141	indel - Q	ins	INDEL
pncA	indel - R123ins	123	indel - R	ins	INDEL
pncA	Indel - R140del	140	Indel - R	del	INDEL
pncA	indel - R140ins	140	indel - R	ins	INDEL
pncA	Indel - R148 g443del		Indel - R	del	INDEL_UNKNOWN
pncA	indel - R148ins (inframe)	148	indel - R	ins (inframe)	INDEL
pncA	indel - S104ins	104	indel - S	ins	INDEL
pncA	indel - S18ins	18	indel - S	ins	INDEL
pncA	indel - S65ins	65	indel - S	ins	INDEL
pncA	indel - S65-S88del	6588	indel - S	del	INDEL
pncA	indel - S84ins	84	indel - S	ins	INDEL
pncA	Indel - T114 1355 bp ins at 341		Indel - T		INDEL_UNKNOWN
pncA	indel - T114del	114	indel - T	del	INDEL
pncA	indel - T135ins	135	indel - T	ins	INDEL
pncA	indel - T160ins	160	indel - T	ins	INDEL
pncA	Indel - T167ins	167	Indel - T	ins	INDEL
pncA	indel - T177ins	177	indel - T	ins	INDEL
pncA	indel - T47ins	47	indel - T	ins	INDEL
pncA	indel - T61ins	61	indel - T	ins	INDEL
pncA	indel - T76del	76	indel - T	del	INDEL
pncA	indel - T87del	87	indel - T	del	INDEL
pncA	indel - T87ins	87	indel - T	ins	INDEL
pncA	indel - V128ins	128	indel - V	ins	INDEL
pncA	indel - V130ins	130	indel - V	ins	INDEL
pncA	indel - V131del	131	indel - V	del	INDEL
pncA	indel - V131ins (frameshift)	131	indel - V	ins (frameshift)	INDEL
pncA	indel - V139del	139	indel - V	del	INDEL
pncA	indel - V147ins	147	indel - V	ins	INDEL
pncA	indel - V155ins	155	indel - V	ins	INDEL
pncA	indel - V163del	163	indel - V	del	INDEL
pncA	indel - V169ins	169	indel - V	ins	INDEL
pncA	indel - V21del	21	indel - V	del	INDEL
pncA	indel - V21ins	21	indel - V	ins	INDEL
pncA	indel - V44del	44	indel - V	del	INDEL
pncA	indel - V44ins	44	indel - V	ins	INDEL
pncA	indel - Y103ins	103	indel - Y	ins	INDEL
pncA	indel - Y34del	34	indel - Y	del	INDEL
pncA	indel - Y41ins	41	indel - Y	ins	INDEL
pncA	indel - Y64ins	64	indel - Y	ins	INDEL
pncA	K48stop	48	K	stop	STOP
pncA	K48T	48	K	T	SNP
pncA	K96Stop	96	K	Stop	STOP
pncA	L116R	116	L	R	SNP
pncA	L120P	120	L	P	SNP
pncA	L172P	172	L	P	SNP
pncA	L85P	85	L	P	SNP
pncA	L85R	85	L	R	SNP
pncA	M175V	175	M	V	SNP
pncA	Q10P	10	Q	P	SNP
pncA	Q10Stop	10	Q	Stop	STOP
pncA	Q122Stop	122	Q	Stop	STOP
pncA	Q141P	141	Q	P	SNP
pncA	Q141Stop	141	Q	Stop	STOP
pncA	S104R	104	S	R	SNP
pncA	S67P	67	S	P	SNP
pncA	S88Stop	88	S	Stop	STOP
pncA	T135N	135	T	N	SNP
pncA	T135P	135	T	P	SNP
pncA	T142A	142	T	A	SNP
pncA	T142K	142	T	K	SNP
pncA	T142M	142	T	M	SNP
pncA	T76P	76	T	P	SNP
pncA	V125G	125	V	G	SNP
pncA	V128G	128	V	G	SNP
pncA	V139G	139	V	G	SNP
pncA	V139L	139	V	L	SNP
pncA	V155G	155	V	G	SNP
pncA	W119Stop	119	W	Stop	STOP
pncA	W68R	68	W	R	SNP
pncA	W68Stop	68	W	Stop	STOP
pncA	Y103H	103	Y	H	SNP
pncA	Y103Stop	103	Y	Stop	STOP
pncA	Y34D	34	Y	D	SNP
pncA	Y34Stop	34	Y	Stop	STOP
pncA	Y41Stop	41	Y	Stop	STOP
pncA	Y64stop	64	Y	stop	STOP
pncA	Y95Stop	95	Y	Stop	STOP
pncA	Y99Stop	99	Y	Stop	STOP
rpoB	D516Y	516	D	Y	SNP
rpoB	L533P	533	L	P	SNP
rpoB	S522L	522	S	L	SNP
inhA	c-15t	-15	C	T	SNP
inhA	c-15t	-15	C	T	SNP
pncA	P54L	54	P	L	SNP
pncA	W68G	68	W	G	SNP
pncA	V7G	7	V	G	SNP
rpoB	H526N	526	H	N	SNP
rpoB	I572F	572	I	F	SNP
rpoB	L511P	511	L	P	SNP
pncA	D12G	12	D	G	SNP
pncA	V139A	139	V	A	SNP
