Gene	OriginalAnnotation	PositionMTB	WildTypeAminoAcidOrNucleotide	MutatedAminoAcidOrNucleotide	MutationType	PositionAlternative
ahpC	C-57T	-57	C	T	SNP	-57
ahpC	C-72T 	-72	C	T 	SNP	-72
eis	C-10X 	-10	C	X 	SNP	-10
eis	G-10X 	-10	G	X 	SNP	-10
embA	C-12T 	-12	C	T 	SNP	-12
embA	C-16G 	-16	C	G 	SNP	-16
embA	C-16T 	-16	C	T 	SNP	-16
embB	D328Y 	328	D	Y 	SNP	328
embB	D354A 	354	D	A 	SNP	354
embB	G406A 	406	G	A 	SNP	406
embB	G406D 	406	G	D 	SNP	406
embB	G406S 	406	G	S 	SNP	406
embB	M306X 	306	M	X 	SNP	306
embB	N1033K 	1033	N	K 	SNP	1033
embB	Q497K 	497	Q	K 	SNP	497
embB	Q497R 	497	Q	R 	SNP	497
fabG1	A-16X 	-16	A	X 	SNP	-16
fabG1	C-15X 	-15	C	X 	SNP	-15
fabG1	G-17X 	-17	G	X 	SNP	-17
fabG1	T-8X 	-8	T	X 	SNP	-8
gidB	141_delC 	141	C	_delC 	INDEL	141
gidB	202_delG 	202	G	_delG 	INDEL	202
gidB	202_insGC 	202		_insGC 	INDEL	202
gidB	215_delC 	215	C	_delC 	INDEL	215
gidB	399_delAAACTCGGTG 	399	AAACTCGGTG 	_delAAACTCGGTG 	INDEL	399
gidB	399_delAAACTCGGTG 	399	AAACTCGGTG 	_delAAACTCGGTG 	INDEL	399
gidB	451_delG 	451	G	_delG 	INDEL	451
gidB	451_insGC 	451		_insGC 	INDEL	451
gidB	A134E 	134	A	E 	SNP	134
gidB	A138T 	138	A	T 	SNP	138
gidB	A138V 	138	A	V 	SNP	138
gidB	A19P 	19	A	P 	SNP	19
gidB	A200E 	200	A	E 	SNP	200
gidB	A205E 	205	A	E 	SNP	205
gidB	A80P 	80	A	P 	SNP	80
gidB	C52F 	52	C	F 	SNP	52
gidB	D85A 	85	D	A 	SNP	85
gidB	E173X 	173	E	X 	SNP	173
gidB	G117V 	117	G	V 	SNP	117
gidB	G30D 	30	G	D 	SNP	30
gidB	G34V 	34	G	V 	SNP	34
gidB	G69D 	69	G	D 	SNP	69
gidB	G73A 	73	G	A 	SNP	73
gidB	H48N 	48	H	N 	SNP	48
gidB	H48Q 	48	H	Q 	SNP	48
gidB	I11N 	11	I	N 	SNP	11
gidB	I162S 	162	I	S 	SNP	162
gidB	L26F 	26	L	F 	SNP	26
gidB	L79S 	79	L	S 	SNP	79
gidB	L79W 	79	L	W 	SNP	79
gidB	L91P 	91	L	P 	SNP	91
gidB	P75X 	75	P	X 	SNP	75
gidB	P93L 	93	P	L 	SNP	93
gidB	Q125X 	125	Q	X 	SNP	125
gidB	R118L 	118	R	L 	SNP	118
gidB	R118S 	118	R	S 	SNP	118
gidB	R137P 	137	R	P 	SNP	137
gidB	R137W 	137	R	W 	SNP	137
gidB	R47W 	47	R	W 	SNP	47
gidB	R64W 	64	R	W 	SNP	64
gidB	R83P 	83	R	P 	SNP	83
gidB	S136X 	136	S	X 	SNP	136
gidB	S149R 	149	S	R 	SNP	149
gidB	S70N 	70	S	N 	SNP	70
gidB	V203L 	203	V	L 	SNP	203
gidB	V41I 	41	V	I 	SNP	41
gidB	V65G 	65	V	G 	SNP	65
gidB	V88A 	88	V	A 	SNP	88
gidB	Y195H 	195	Y	H 	SNP	195
gyrA	A74S 	74	A	S 	SNP	74
gyrA	A90X 	90	A	X 	SNP	90
gyrA	D89X 	89	D	X 	SNP	89
gyrA	D94X 	94	D	X 	SNP	94
gyrA	G88X 	88	G	X 	SNP	88
gyrA	H85X 	85	H	X 	SNP	85
gyrA	H87X 	87	H	X 	SNP	87
gyrA	I92X 	92	I	X 	SNP	92
gyrA	P86X 	86	P	X 	SNP	86
gyrA	S91X 	91	S	X 	SNP	91
gyrA	Y93X 	93	Y	X 	SNP	93
inhA	I194T 	194	I	T 	SNP	194
inhA	I21T 	21	I	T 	SNP	21
inhA	S94A 	94	S	A 	SNP	94
katG	1157_delT 	1157		_delT 	INDEL	1157
katG	121_insTA 	121		_insTA 	INDEL	121
katG	1388_delA 	1388		_delA 	INDEL	1388
katG	1450_delC 	1450		_delC 	INDEL	1450
katG	1465_delC 	1465		_delC 	INDEL	1465
katG	1910_delA 	1910		_delA 	INDEL	1910
katG	471_delG 	471		_delG 	INDEL	471
katG	A109V 	109	A	V 	SNP	109
katG	A315X 	315	A	X 	SNP	315
katG	A614E 	614	A	E 	SNP	614
katG	D142G 	142	D	G 	SNP	142
katG	G125D 	125	G	D 	SNP	125
katG	G182R 	182	G	R 	SNP	182
katG	G297V 	297	G	V 	SNP	297
katG	L141F 	141	L	F 	SNP	141
katG	L159P 	159	L	P 	SNP	159
katG	L627P 	627	L	P 	SNP	627
katG	L704S 	704	L	S 	SNP	704
katG	P232R 	232	P	R 	SNP	232
katG	P505X 	505	P	X 	SNP	505
katG	R104Q 	104	R	Q 	SNP	104
katG	S315I 	315	S	I 	SNP	315
katG	S315N 	315	S	N 	SNP	315
katG	S315T 	315	S	T 	SNP	315
katG	S315X 	315	S	X 	SNP	315
katG	S481L 	481	S	L 	SNP	481
katG	S700P 	700	S	P 	SNP	700
katG	T180K 	180	T	K 	SNP	180
katG	V633A 	633	V	A 	SNP	633
katG	W191G 	191	W	G 	SNP	191
katG	W191R 	191	W	R 	SNP	191
katG	W300C 	300	W	C 	SNP	300
katG	W300S 	300	W	S 	SNP	300
katG	W328L 	328	W	L 	SNP	328
katG	W505X 	505	W	X 	SNP	505
katG	W90R 	90	W	R 	SNP	90
ndh	G225D 	225	G	D 	SNP	225
pncA	174_delG 	174		_delG 	INDEL	174
pncA	177_delC 	177		_delC 	INDEL	177
pncA	285_insCT 	285		_insCT 	INDEL	285
pncA	292_insAT 	292		_insAT 	INDEL	292
pncA	409_delT 	409		_delT 	INDEL	409
pncA	489_delC 	489		_delC 	INDEL	489
pncA	491_insACC 	491		_insACC 	INDEL	491
pncA	494_delC 	494		_delC 	INDEL	494
pncA	528_insGGCCGTCTGGC 	528		_insGGCCGTCTGGC 	INDEL	528
pncA	556_insTG 	556		_insTG 	INDEL	556
pncA	563_insAC 	563		_insAC 	INDEL	563
pncA	570_insCT 	570		_insCT 	INDEL	570
pncA	592_delC 	592		_delC 	INDEL	592
pncA	617_insTC 	617		_insTC 	INDEL	617
pncA	A-11G 	11	A	G 	SNP	11
pncA	C138R 	138	C	R 	SNP	138
pncA	C14R 	14	C	R 	SNP	14
pncA	D125X 	125	D	X 	SNP	125
pncA	D12A 	12	D	A 	SNP	12
pncA	D136N 	136	D	N 	SNP	136
pncA	D49N 	49	D	N 	SNP	49
pncA	D8G 	8	D	G 	SNP	8
pncA	D8N 	8	D	N 	SNP	8
pncA	F81V 	81	F	V 	SNP	81
pncA	G132D 	132	G	D 	SNP	132
pncA	G162D 	162	G	D 	SNP	162
pncA	G78C 	78	G	C 	SNP	78
pncA	G97C 	97	G	C 	SNP	97
pncA	G97D 	97	G	D 	SNP	97
pncA	G97R 	97	G	R 	SNP	97
pncA	H137R 	137	H	R 	SNP	137
pncA	H51Q 	51	H	Q 	SNP	51
pncA	H57D 	57	H	D 	SNP	57
pncA	H57R 	57	H	R 	SNP	57
pncA	H71Q 	71	H	Q 	SNP	71
pncA	H71Y 	71	H	Y 	SNP	71
pncA	I133T 	133	I	T 	SNP	133
pncA	K48E 	48	K	E 	SNP	48
pncA	K96T 	96	K	T 	SNP	96
pncA	L141P 	141	L	P 	SNP	141
pncA	L151S 	151	L	S 	SNP	151
pncA	L159V 	159	L	V 	SNP	159
pncA	L172P 	172	L	P 	SNP	172
pncA	L27P 	27	L	P 	SNP	27
pncA	L4S 	4	L	S 	SNP	4
pncA	L96T 	96	L	T 	SNP	96
pncA	M175V 	175	M	V 	SNP	175
pncA	P54L 	54	P	L 	SNP	54
pncA	P54Q 	54	P	Q 	SNP	54
pncA	Q10X 	10	Q	X 	SNP	10
pncA	Q141X 	141	Q	X 	SNP	141
pncA	S104G 	104	S	G 	SNP	104
pncA	S104R 	104	S	R 	SNP	104
pncA	S32I 	32	S	I 	SNP	32
pncA	T-10X 	-10	T	X 	SNP	-10
pncA	T-12C 	-12	T	C 	SNP	-12
pncA	T114P 	114	T	P 	SNP	114
pncA	T135P 	135	T	P 	SNP	135
pncA	T47A 	47	T	A 	SNP	47
pncA	V125G 	125	V	G 	SNP	125
pncA	V139L 	139	V	L 	SNP	139
pncA	V180F 	180	V	F 	SNP	180
pncA	V180G 	180	V	G 	SNP	180
pncA	V21G 	21	V	G 	SNP	21
pncA	V7L 	7	V	L 	SNP	7
pncA	V99X 	99	V	X 	SNP	99
pncA	W68C 	68	W	C 	SNP	68
pncA	W68R 	68	W	R 	SNP	68
pncA	Y99X 	99	Y	X 	SNP	99
rpoB	1377_delG 	1377		_delG 	INDEL	1458
rpoB	1392_insGCCA 	1392		_insGCCA 	INDEL	1473
rpoB	1394_delC 	1394		_delC 	INDEL	1475
rpoB	1396_insATTC 	1396		_insATTC 	INDEL	1477
rpoB	1398_delT 	1398		_delT 	INDEL	1479
rpoB	1427_delTGGCCCC 	1427		_delTGGCCCC 	INDEL	1508
rpoB	A451X 	451	A	X 	SNP	532
rpoB	D435X 	435	D	X 	SNP	516
rpoB	F425X 	425	F	X 	SNP	506
rpoB	F433X 	433	F	X 	SNP	514
rpoB	G426X 	426	G	X 	SNP	507
rpoB	G442X 	442	G	X 	SNP	523
rpoB	G981D 	981	G	D 	SNP	1062
rpoB	H445X 	445	H	X 	SNP	526
rpoB	H445Y 	445	H	Y 	SNP	526
rpoB	I491F 	491	I	F 	SNP	572
rpoB	K446X 	446	K	X 	SNP	527
rpoB	L430X 	430	L	X 	SNP	511
rpoB	L440X 	440	L	X 	SNP	521
rpoB	L443X 	443	L	X 	SNP	524
rpoB	L449X 	449	L	X 	SNP	530
rpoB	L452X 	452	L	X 	SNP	533
rpoB	M434X 	434	M	X 	SNP	515
rpoB	N437X 	437	N	X 	SNP	518
rpoB	N438X 	438	N	X 	SNP	519
rpoB	P439X 	439	P	X 	SNP	520
rpoB	Q429X 	429	Q	X 	SNP	510
rpoB	Q432X 	432	Q	X 	SNP	513
rpoB	Q436X 	436	Q	X 	SNP	517
rpoB	R447X 	447	R	X 	SNP	528
rpoB	R448X 	448	R	X 	SNP	529
rpoB	S428X 	428	S	X 	SNP	509
rpoB	S431X 	431	S	X 	SNP	512
rpoB	S441X 	441	S	X 	SNP	522
rpoB	S450X 	450	S	X 	SNP	531
rpoB	T427X 	427	T	X 	SNP	508
rpoB	T444X 	444	T	X 	SNP	525
rpoB	T676P 	676	T	P 	SNP	757
rpoB	V170F 	170	V	F 	SNP	251
rpoB	V359A 	359	V	A 	SNP	440
rpsA	E67D 	67	E	D 	SNP	67
rpsA	V260I 	260	V	I 	SNP	260
rpsL	K43X 	43	K	X 	SNP	43
rpsL	K88R 	88	K	R 	SNP	88
rrs	A1325C 	1325	A	C 	SNP	1325
rrs	A1401X 	1401	A	X 	SNP	1401
rrs	A514X 	514	A	X 	SNP	514
rrs	C1402X 	1402	C	X 	SNP	1402
rrs	C513X 	513	C	X 	SNP	513
rrs	C516X 	516	C	X 	SNP	516
rrs	C517X 	517	C	X 	SNP	517
rrs	C905A 	905	C	A 	SNP	905
rrs	G1484X 	1484	G	X 	SNP	1484
rrs	G515X 	515	G	X 	SNP	515
tlyA	C-83T 	-83	C	T 	SNP	-83
